-- =====================================================
-- Grip & Grin Complete Database Schema
-- =====================================================

-- Drop existing tables if they exist
DROP TABLE IF EXISTS articles;
DROP TABLE IF EXISTS categories;
DROP TABLE IF EXISTS users;

-- =====================================================
-- USERS TABLE (Authentication with Roles)
-- =====================================================
CREATE TABLE `users` (
                         `id` INT AUTO_INCREMENT PRIMARY KEY,
                         `username` VARCHAR(50) NOT NULL UNIQUE,
                         `email` VARCHAR(100) NOT NULL UNIQUE,
                         `password_hash` VARCHAR(255) NOT NULL,
                         `role` ENUM('admin', 'editor', 'user') NOT NULL DEFAULT 'user',
                         `is_active` BOOLEAN NOT NULL DEFAULT TRUE,
                         `email_verified` BOOLEAN NOT NULL DEFAULT FALSE,
                         `email_verification_token` VARCHAR(255) NULL,
                         `password_reset_token` VARCHAR(255) NULL,
                         `password_reset_expires` DATETIME NULL,
                         `first_name` VARCHAR(50) NULL,
                         `last_name` VARCHAR(50) NULL,
                         `bio` TEXT NULL,
                         `avatar_path` VARCHAR(255) NULL,
                         `created_at` TIMESTAMP DEFAULT CURRENT_TIMESTAMP,
                         `updated_at` TIMESTAMP DEFAULT CURRENT_TIMESTAMP ON UPDATE CURRENT_TIMESTAMP,
                         INDEX `idx_users_email` (`email`),
                         INDEX `idx_users_username` (`username`),
                         INDEX `idx_users_role` (`role`)
) ENGINE=InnoDB DEFAULT CHARSET=utf8mb4;

-- =====================================================
-- CATEGORIES TABLE
-- =====================================================
CREATE TABLE `categories` (
                              `id` INT AUTO_INCREMENT PRIMARY KEY,
                              `name` VARCHAR(50) NOT NULL UNIQUE,
                              `slug` VARCHAR(50) NOT NULL UNIQUE,
                              `description` TEXT,
                              `created_at` TIMESTAMP DEFAULT CURRENT_TIMESTAMP,
                              `updated_at` TIMESTAMP DEFAULT CURRENT_TIMESTAMP ON UPDATE CURRENT_TIMESTAMP
) ENGINE=InnoDB DEFAULT CHARSET=utf8mb4;

-- =====================================================
-- ARTICLES TABLE (with Image Support)
-- =====================================================
CREATE TABLE `articles` (
                            `id` INT AUTO_INCREMENT PRIMARY KEY,
                            `title` VARCHAR(255) NOT NULL,
                            `slug` VARCHAR(255) NOT NULL UNIQUE,
                            `content` TEXT NOT NULL,
                            `excerpt` VARCHAR(500) NULL,
                            `author_id` INT NOT NULL,
                            `category_id` INT NOT NULL,
                            `status` ENUM('draft', 'published', 'archived') NOT NULL DEFAULT 'draft',
                            `published_at` DATETIME NULL,
                            `created_at` TIMESTAMP DEFAULT CURRENT_TIMESTAMP,
                            `updated_at` TIMESTAMP DEFAULT CURRENT_TIMESTAMP ON UPDATE CURRENT_TIMESTAMP,
                            `image_original_path` VARCHAR(255) NULL,
                            `image_thumbnail_path` VARCHAR(255) NULL,
                            `image_medium_path` VARCHAR(255) NULL,
                            `image_full_path` VARCHAR(255) NULL,
                            `image_alt_text` VARCHAR(255) NULL,
                            `image_width` INT NULL,
                            `image_height` INT NULL,
                            FOREIGN KEY (`author_id`) REFERENCES `users`(`id`),
                            FOREIGN KEY (`category_id`) REFERENCES `categories`(`id`),
                            INDEX `idx_articles_slug` (`slug`),
                            INDEX `idx_articles_published` (`published_at`),
                            INDEX `idx_articles_category` (`category_id`),
                            INDEX `idx_articles_status` (`status`),
                            INDEX `idx_articles_author` (`author_id`)
) ENGINE=InnoDB DEFAULT CHARSET=utf8mb4;

-- =====================================================
-- SEED DATA - USERS
-- =====================================================
INSERT INTO `users` (`id`, `username`, `email`, `password_hash`, `role`, `first_name`, `last_name`, `bio`, `is_active`, `email_verified`) VALUES
                                                                                                                                              (1, 'admin', 'admin@gripandgrin.com', '$2y$10$92IXUNpkjO0rOQ5byMi.Ye4oKoEa3Ro9llC/.og/at2.uheWG/igi', 'admin', 'Admin', 'User', 'Site administrator and classic car enthusiast', TRUE, TRUE),
                                                                                                                                              (2, 'editor', 'editor@gripandgrin.com', '$2y$10$92IXUNpkjO0rOQ5byMi.Ye4oKoEa3Ro9llC/.og/at2.uheWG/igi', 'editor', 'John', 'Editor', 'Senior automotive journalist with 15 years experience', TRUE, TRUE),
                                                                                                                                              (3, 'testuser', 'user@gripandgrin.com', '$2y$10$92IXUNpkjO0rOQ5byMi.Ye4oKoEa3Ro9llC/.og/at2.uheWG/igi', 'user', 'Test', 'User', 'Classic car enthusiast and collector', TRUE, TRUE);
-- All passwords are 'password123' - CHANGE IN PRODUCTION!

-- =====================================================
-- SEED DATA - CATEGORIES
-- =====================================================
INSERT INTO `categories` (`id`, `name`, `slug`, `description`) VALUES
                                                                   (1, 'Classics', 'classics', 'Timeless automotive legends and heritage vehicles'),
                                                                   (2, 'Collector', 'collector', 'Investment insights, market analysis, and collector car values'),
                                                                   (3, 'Reviews', 'reviews', 'Expert evaluations and detailed car reviews'),
                                                                   (4, 'Trends', 'trends', 'Modern automotive trends and industry insights');

-- =====================================================
-- SEED DATA - ARTICLES
-- =====================================================

-- CLASSICS CATEGORY (8 articles)
INSERT INTO `articles` (`title`, `slug`, `content`, `excerpt`, `author_id`, `category_id`, `status`, `published_at`, `image_thumbnail_path`, `image_medium_path`, `image_full_path`, `image_alt_text`, `image_width`, `image_height`) VALUES

                                                                                                                                                                                                                                          ('The Timeless Elegance of the Aston Martin DB5', 'aston-martin-db5-elegance', 'The Aston Martin DB5 remains one of the most iconic British grand tourers ever created. Made famous by James Bond in Goldfinger, this masterpiece combines elegant Italian styling by Carrozzeria Touring with British engineering excellence. Its 4.0-liter straight-six engine produces 282 horsepower, propelling this gentleman''s express to 145 mph. The DB5''s perfect proportions, luxurious interior, and racing pedigree make it a cornerstone of any serious classic car collection. Today, pristine examples command over $1 million at auction, cementing its status as automotive royalty.', 'The Aston Martin DB5 combines James Bond fame with British engineering excellence, making it one of the most desirable classic grand tourers ever created.', 1, 1, 'published', '2025-01-15 10:00:00', '/uploads/thumbnails/aston-martin-db5.webp', '/uploads/medium/aston-martin-db5.webp', '/uploads/full/aston-martin-db5.webp', 'Classic Aston Martin DB5 in elegant silver', 1200, 800),

                                                                                                                                                                                                                                          ('European Classics: The Golden Age of Motoring', 'european-classics-golden-age', 'The 1960s and 1970s represented the golden age of European automotive design. From the flowing lines of Italian supercars to the precision engineering of German sports cars, European manufacturers created vehicles that perfectly balanced performance with artistry. This era gave us the Ferrari 250 GTO, Porsche 911, Jaguar E-Type, and Lamborghini Miura - cars that defined automotive excellence for generations. These machines weren''t just transportation; they were rolling sculptures that captured the optimism and innovation of their time. Today, they represent the pinnacle of collectible automotive art.', 'The golden age of European automotive design produced legendary cars that perfectly balanced performance with artistry, creating rolling sculptures.', 2, 1, 'published', '2025-01-16 11:30:00', '/uploads/thumbnails/european-classics.webp', '/uploads/medium/european-classics.webp', '/uploads/full/european-classics.webp', 'Collection of classic European sports cars', 1200, 800),

                                                                                                                                                                                                                                          ('The Legendary Ferrari 250 GTO: Racing Royalty', 'ferrari-250-gto-racing-legend', 'Only 36 Ferrari 250 GTOs were ever built between 1962 and 1964, making it the most exclusive and valuable car in the world. Designed by Giotto Bizzarrini and Sergio Scaglietti, the GTO combined breathtaking beauty with devastating track performance. Its 3.0-liter Colombo V12 engine produced 300 horsepower, while its aerodynamic body achieved perfect balance between form and function. The GTO dominated GT racing, winning the World Championship three consecutive years. Today, these automotive masterpieces sell for over $70 million, representing the absolute pinnacle of collector car values.', 'With only 36 ever built, the Ferrari 250 GTO represents the most exclusive and valuable car in the world, selling for over $70 million today.', 1, 1, 'published', '2025-01-17 14:15:00', '/uploads/thumbnails/ferrari-250-gto.webp', '/uploads/medium/ferrari-250-gto.webp', '/uploads/full/ferrari-250-gto.webp', 'Iconic Ferrari 250 GTO in classic red', 1200, 800),

                                                                                                                                                                                                                                          ('Jaguar E-Type: The Most Beautiful Car Ever Made', 'jaguar-e-type-most-beautiful', 'When Enzo Ferrari called the Jaguar E-Type "the most beautiful car ever made," he wasn''t exaggerating. Unveiled at the 1961 Geneva Motor Show, the E-Type caused a sensation with its impossibly long bonnet, flowing curves, and aggressive stance. Designed by Malcolm Sayer using aircraft engineering principles, the E-Type achieved a drag coefficient that wouldn''t be bettered for decades. Its 3.8-liter XK engine provided genuine 150 mph performance at a fraction of Ferrari''s price. The E-Type became the symbol of 1960s Britain, combining stunning looks with accessible performance in a way no car had before or since.', 'Enzo Ferrari called the Jaguar E-Type "the most beautiful car ever made" - a stunning combination of looks and performance that defined 1960s Britain.', 2, 1, 'published', '2025-01-18 09:45:00', '/uploads/thumbnails/jaguar-e-type.webp', '/uploads/medium/jaguar-e-type.webp', '/uploads/full/jaguar-e-type.webp', 'Classic Jaguar E-Type in British Racing Green', 1200, 800),

                                                                                                                                                                                                                                          ('Lamborghini Miura: The First True Supercar', 'lamborghini-miura-first-supercar', 'The Lamborghini Miura didn''t just establish a new category of car - it created the template for every supercar that followed. When it debuted in 1966, the Miura''s mid-mounted V12 engine and stunning Bertone bodywork redefined automotive possibilities. Designed by Marcello Gandini when he was just 27 years old, the Miura''s dramatic wedge profile and scissor doors influenced supercar design for decades. Its 350-horsepower V12 could propel the Miura to 171 mph, making it the fastest production car of its era. The Miura proved that Italian passion and engineering could create automotive art that was as beautiful as it was fast.', 'The Lamborghini Miura created the supercar template with its mid-mounted V12 and stunning Bertone bodywork, influencing design for decades.', 1, 1, 'published', '2025-01-19 16:20:00', '/uploads/thumbnails/lamborghini-miura.webp', '/uploads/medium/lamborghini-miura.webp', '/uploads/full/lamborghini-miura.webp', 'Stunning Lamborghini Miura in classic orange', 1200, 800),

                                                                                                                                                                                                                                          ('Mercedes-Benz 300SL Gullwing: Engineering Marvel', 'mercedes-300sl-gullwing-marvel', 'The Mercedes-Benz 300SL Gullwing wasn''t just a car - it was a showcase of German engineering excellence. Those famous gullwing doors weren''t a styling gimmick; they were a necessity created by the car''s innovative space frame chassis. The 300SL was the world''s first production car with fuel injection, helping its 3.0-liter inline-six produce 215 horsepower and achieve a top speed of 161 mph. Built from 1954 to 1957, only 1,400 Gullwings were produced, making them incredibly rare today. The 300SL''s combination of advanced technology, racing pedigree, and timeless design makes it the holy grail of Mercedes collectibles.', 'The Mercedes-Benz 300SL Gullwing showcased German engineering with innovative gullwing doors and the world''s first production fuel injection system.', 2, 1, 'published', '2025-01-20 12:00:00', '/uploads/thumbnails/mercedes-300sl-gullwing.webp', '/uploads/medium/mercedes-300sl-gullwing.webp', '/uploads/full/mercedes-300sl-gullwing.webp', 'Mercedes-Benz 300SL with iconic gullwing doors', 1200, 800),

                                                                                                                                                                                                                                          ('The Classic Porsche 911: Timeless Design Evolution', 'porsche-911-classic-evolution', 'Since its introduction in 1963, the Porsche 911 has remained fundamentally unchanged while continuously evolving. This remarkable consistency of vision has created one of the most successful sports car designs in history. The 911''s rear-engine layout, distinctive silhouette, and air-cooled flat-six engine created a unique character that no other car could match. From the original 130-horsepower 911 to the legendary Turbo models, each generation built upon the last while maintaining the essential 911 DNA. The early air-cooled 911s, particularly the long-hood models from 1965-1973, represent the purest expression of Ferdinand Porsche''s original vision.', 'The Porsche 911 has remained fundamentally unchanged since 1963, creating one of the most successful and consistent sports car designs in history.', 1, 1, 'published', '2025-01-21 15:30:00', '/uploads/thumbnails/porsche-911-classic.webp', '/uploads/medium/porsche-911-classic.webp', '/uploads/full/porsche-911-classic.webp', 'Classic Porsche 911 in iconic Guards Red', 1200, 800),

                                                                                                                                                                                                                                          ('Shelby Cobra: American Racing Legend', 'shelby-cobra-american-legend', 'Carroll Shelby''s vision of combining British chassis engineering with American V8 power created one of the most feared racing cars of the 1960s. The AC Cobra took the lightweight British AC Ace chassis and dropped in Ford''s massive 289 and later 427 cubic inch V8 engines. The result was a car with an incredible power-to-weight ratio that dominated both road and track. The Cobra''s success in racing helped establish Ford''s performance credentials and created an American legend. Today, original Cobras are among the most valuable American cars ever made, with 427 models commanding over $1 million at auction.', 'Carroll Shelby combined British chassis engineering with American V8 power to create the legendary AC Cobra racing machine.', 2, 1, 'published', '2025-01-22 13:45:00', '/uploads/thumbnails/shelby-cobra.webp', '/uploads/medium/shelby-cobra.webp', '/uploads/full/shelby-cobra.webp', 'Legendary Shelby Cobra in classic blue with white stripes', 1200, 800),

-- COLLECTOR CATEGORY (6 articles)
                                                                                                                                                                                                                                          ('Ferrari 250 Series: The Ultimate Investment Portfolio', 'ferrari-250-investment-portfolio', 'The Ferrari 250 series represents the most successful investment category in the classic car market. From the 250 GT Tour de France to the legendary 250 GTO, these cars have consistently outperformed traditional investments over the past two decades. The 250 GT California Spider has appreciated from $500,000 in 2000 to over $15 million today. The 250 GT SWB commands $8-12 million, while the 250 GT Lusso trades in the $2-4 million range. What makes 250 series cars such strong investments is their combination of racing pedigree, limited production numbers, and timeless Pininfarina styling. For serious collectors, owning a 250 series Ferrari is like holding blue-chip stock in automotive form.', 'The Ferrari 250 series has consistently outperformed traditional investments, with some models appreciating from $500,000 to over $15 million.', 1, 2, 'published', '2025-01-23 10:15:00', '/uploads/thumbnails/ferrari-250-investment.webp', '/uploads/medium/ferrari-250-investment.webp', '/uploads/full/ferrari-250-investment.webp', 'Ferrari 250 GT California Spider at prestigious auction', 1200, 800),

                                                                                                                                                                                                                                          ('Asian Collectors: The New Force in Classic Cars', 'asian-collectors-new-force', 'Asian collectors have fundamentally transformed the global classic car market over the past decade. Wealthy collectors from China, Japan, and Southeast Asia are driving unprecedented demand for European exotics and American muscle cars. Japanese collectors particularly favor German sports cars like Porsche 911 Turbos and BMW M cars, often paying premium prices for low-mileage examples. Chinese collectors are drawn to Ferrari and Lamborghini supercars, viewing them as symbols of success and status. This Asian influence has created new price floors for many collector cars and established Asia as a major force in the global auction market. Understanding Asian collector preferences is now essential for anyone serious about the classic car market.', 'Asian collectors have transformed the global classic car market, driving unprecedented demand and establishing new price floors for collector vehicles.', 2, 2, 'published', '2025-01-24 14:30:00', '/uploads/thumbnails/asian-collectors.webp', '/uploads/medium/asian-collectors.webp', '/uploads/full/asian-collectors.webp', 'Asian collector examining classic Ferrari at auction', 1200, 800),

                                                                                                                                                                                                                                          ('Auction House Analysis: Where the Big Money Flows', 'auction-house-analysis-big-money', 'The classic car auction market is dominated by a few major players, each with distinct specialties and clientele. RM Sotheby''s leads in European exotics and racing cars, consistently achieving record prices for Ferrari, Porsche, and Mercedes-Benz classics. Barrett-Jackson dominates the American muscle car market, with their Scottsdale auction being the premier destination for Corvettes, Mustangs, and Camaros. Bonhams excels in British classics and motorcycles, while Gooding & Company focuses on the ultra-high-end market. Understanding each auction house''s strengths helps collectors choose the right venue for buying or selling. The auction calendar itself drives market timing, with Monterey Car Week in August representing the pinnacle of the collector car year.', 'Major auction houses each have distinct specialties - RM Sotheby''s for European exotics, Barrett-Jackson for American muscle, and Bonhams for British classics.', 1, 2, 'published', '2025-01-25 11:00:00', '/uploads/thumbnails/auction-house.webp', '/uploads/medium/auction-house.webp', '/uploads/full/auction-house.webp', 'Classic car auction with bidders and auctioneer', 1200, 800),

                                                                                                                                                                                                                                          ('McLaren F1: The $20 Million Hypercar Investment', 'mclaren-f1-20-million-investment', 'The McLaren F1 represents the ultimate intersection of automotive engineering and investment potential. When new in 1994, the F1 cost $815,000 - expensive but not astronomical. Today, pristine examples sell for over $20 million, representing one of the most successful automotive investments ever. Only 106 F1s were built, with just 64 road cars, making them incredibly rare. The F1''s naturally aspirated BMW V12, carbon fiber construction, and central driving position created a driving experience that remains unmatched today. As the last analog supercar before electronic intervention became standard, the F1 represents a pure driving experience that can never be replicated. For collectors with the means, the F1 offers both incredible performance and blue-chip investment potential.', 'The McLaren F1 has appreciated from $815,000 in 1994 to over $20 million today, representing one of the most successful automotive investments ever.', 2, 2, 'published', '2025-01-26 16:45:00', '/uploads/thumbnails/mclaren-f1.webp', '/uploads/medium/mclaren-f1.webp', '/uploads/full/mclaren-f1.webp', 'McLaren F1 in iconic papaya orange', 1200, 800),

                                                                                                                                                                                                                                          ('Muscle Car Market Trends: American Iron Rising', 'muscle-car-trends-american-iron', 'The American muscle car market has experienced remarkable growth over the past five years. Plymouth ''Cuda convertibles, Dodge Challenger R/Ts, and Chevrolet Chevelle SS models are seeing 15-20% annual appreciation. The key drivers are baby boomers reaching peak earning years and millennials discovering these cars through popular culture. Numbers-matching, documented cars command significant premiums, with Hemi-powered vehicles leading the market. The muscle car segment benefits from strong parts availability, active club support, and relatively affordable entry points compared to European exotics. Barn finds and restoration projects continue to surface, but original, unrestored survivors are becoming increasingly rare and valuable.', 'American muscle cars are experiencing 15-20% annual appreciation, driven by baby boomers and millennials discovering these automotive icons.', 1, 2, 'published', '2025-01-27 09:30:00', '/uploads/thumbnails/muscle-car-trends.webp', '/uploads/medium/muscle-car-trends.webp', '/uploads/full/muscle-car-trends.webp', 'Classic American muscle cars at car show', 1200, 800),

                                                                                                                                                                                                                                          ('Youngtimer Cars: The Next Generation of Classics', 'youngtimer-cars-next-generation', 'The youngtimer market - cars from the 1980s and 1990s - represents the next wave of collector car appreciation. Toyota Supra Turbos, Nissan Skyline GT-Rs, Honda NSXs, and Porsche 993 Turbos are leading this trend. These cars appeal to Generation X collectors who grew up with them and now have the means to buy their dream cars. Unlike older classics, youngtimers offer modern reliability, safety features, and performance that makes them usable daily drivers. The Japanese domestic market (JDM) segment is particularly hot, with clean examples of Supra Turbos and Skyline GT-Rs commanding six-figure prices. As these cars age and become rarer, their collector status continues to solidify.', 'Youngtimer cars from the 1980s and 1990s represent the next wave of collector appreciation, led by Japanese sports cars and Porsche 993 Turbos.', 2, 2, 'published', '2025-01-28 12:15:00', '/uploads/thumbnails/youngtimer-cars.webp', '/uploads/medium/youngtimer-cars.webp', '/uploads/full/youngtimer-cars.webp', 'Collection of 1990s Japanese sports cars', 1200, 800),

-- REVIEWS CATEGORY (6 articles)
                                                                                                                                                                                                                                          ('Driving Review: BMW M3 E30 - The Original M Car', 'bmw-m3-e30-driving-review', 'The original BMW M3 E30 remains the purest expression of BMW''s M Division philosophy. Behind the wheel, the naturally aspirated S14 2.3-liter four-cylinder engine delivers its 195 horsepower with surgical precision. The engine loves to rev, with peak power arriving at 6,750 rpm and a redline at 7,000 rpm. The five-speed manual transmission shifts with mechanical precision, while the limited-slip differential puts power down effectively. The steering is perfectly weighted, offering exceptional feedback through the Nardi wheel. On track, the E30 M3 reveals its racing DNA with neutral handling that rewards smooth inputs. This isn''t a car for casual driving - it demands attention and rewards skill. Rating: 9/10 for driving purity, 7/10 for daily usability.', 'The BMW M3 E30 delivers surgical precision with its naturally aspirated S14 engine and represents the purest expression of M Division philosophy.', 1, 3, 'published', '2025-01-29 10:45:00', '/uploads/thumbnails/bmw-m3-e30.webp', '/uploads/medium/bmw-m3-e30.webp', '/uploads/full/bmw-m3-e30.webp', 'BMW M3 E30 on mountain road', 1200, 800),

                                                                                                                                                                                                                                          ('Track Test: Ferrari 288 GTO vs Lamborghini Countach', 'countach-testarossa-comparison', 'Two 1980s supercars, two completely different philosophies. The Lamborghini Countach attacks your senses with dramatic wedge styling and a naturally aspirated V12 that screams to 8,000 rpm. Visibility is terrible, the clutch is heavy, and the gated manual transmission requires commitment. But when the V12 hits its stride above 4,000 rpm, the Countach becomes transcendent. The Ferrari Testarossa takes a more refined approach. Its flat-12 engine produces more torque lower in the rev range, making it easier to drive quickly. The Testarossa''s wider track and lower center of gravity provide more stable handling, while its superior ergonomics make it more livable daily. Verdict: Countach for drama and presence (8/10), Testarossa for overall excellence (9/10).', 'Two 1980s supercars with different philosophies: the dramatic Lamborghini Countach versus the refined Ferrari Testarossa.', 2, 3, 'published', '2025-01-30 14:20:00', '/uploads/thumbnails/countach-testarossa.webp', '/uploads/medium/countach-testarossa.webp', '/uploads/full/countach-testarossa.webp', 'Ferrari Testarossa and Lamborghini Countach side by side', 1200, 800),

                                                                                                                                                                                                                                          ('Performance Review: Ferrari 288 GTO Track Analysis', 'ferrari-288-gto-track-test', 'The Ferrari 288 GTO represents the pinnacle of 1980s Group B homologation specials. On track, the twin-turbo 2.9-liter V8 delivers explosive performance with 400 horsepower and 366 lb-ft of torque. The turbos spool aggressively, creating a distinctive whoosh that announces the GTO''s arrival. The five-speed manual transmission requires precise inputs, but rewards with mechanical satisfaction. Advanced aerodynamics keep the GTO planted at speed, while the sophisticated suspension handles both smooth circuits and bumpy roads. The GTO''s party trick is its ability to be both a civilized grand tourer and a track weapon. Modern supercars may be faster, but few match the GTO''s combination of drama and capability. Rating: 10/10 for performance, 9/10 for engineering excellence.', 'The Ferrari 288 GTO delivers explosive twin-turbo performance with 400 horsepower, representing the pinnacle of 1980s Group B homologation specials.', 1, 3, 'published', '2025-01-31 11:30:00', '/uploads/thumbnails/ferrari-288-gto.webp', '/uploads/medium/ferrari-288-gto.webp', '/uploads/full/ferrari-288-gto.webp', 'Ferrari 288 GTO on race track', 1200, 800),

                                                                                                                                                                                                                                          ('Restoration Review: Jaguar E-Type Series 1 Perfection', 'jaguar-e-type-restoration-review', 'This concours-level E-Type restoration showcases what happens when no expense is spared and every detail matters. The 4.2-liter XK engine has been rebuilt to better-than-new specifications, with balanced internals and triple Weber carburetors providing 265 horsepower. The four-speed manual transmission shifts with precision, while the independent rear suspension has been completely rebuilt with new bushings and upgraded dampers. The bodywork required 800 hours of metalwork to achieve perfection, with every panel gap measured to original specifications. The interior features correct Connolly leather and period-appropriate details throughout. This E-Type drives exactly as Jaguar intended in 1961 - smooth, powerful, and utterly captivating. Rating: 10/10 for authenticity, 9/10 for craftsmanship.', 'This concours-level Jaguar E-Type restoration required 800 hours of metalwork and showcases what happens when no expense is spared.', 2, 3, 'published', '2025-02-01 15:45:00', '/uploads/thumbnails/jaguar-e-type-restoration.webp', '/uploads/medium/jaguar-e-type-restoration.webp', '/uploads/full/jaguar-e-type-restoration.webp', 'Perfectly restored Jaguar E-Type in workshop', 1200, 800),

                                                                                                                                                                                                                                          ('Driving Review: Shelby GT500 - American Muscle Perfection', 'shelby-gt500-driving-review', 'The 1967 Shelby GT500 represents American muscle at its most refined. The 428 Police Interceptor V8 produces a conservative 355 horsepower, but the real story is the massive torque curve that starts at idle and continues to redline. The four-speed manual transmission requires muscle to operate, while the heavy clutch reminds you this is serious machinery. On the road, the GT500 combines straight-line performance with surprising handling capability thanks to its upgraded suspension and wider tires. The steering is heavy but communicative, while the four-wheel disc brakes provide adequate stopping power. This isn''t a car for the faint of heart - it demands respect and rewards skill. Rating: 9/10 for character, 7/10 for refinement.', 'The 1967 Shelby GT500 combines massive torque with surprising handling capability, representing American muscle at its most refined.', 1, 3, 'published', '2025-02-02 09:15:00', '/uploads/thumbnails/shelby-gt500-review.webp', '/uploads/medium/shelby-gt500-review.webp', '/uploads/full/shelby-gt500-review.webp', 'Shelby GT500 on desert highway', 1200, 800),

                                                                                                                                                                                                                                          ('Buyer''s Guide: Porsche 930 Turbo - The Widowmaker', 'porsche-930-turbo-buyers-guide', 'The Porsche 930 Turbo earned its "widowmaker" nickname through a combination of massive turbo lag and lift-off oversteer that could catch unwary drivers off guard. But for those who understand its character, the 930 offers one of the most rewarding driving experiences ever created. The single KKK turbocharger doesn''t start working until 3,500 rpm, then delivers a massive surge of power that continues to redline. The key to driving a 930 quickly is patience - wait for the turbo to spool, then hold on tight. The steering is perfectly weighted, the brakes are strong, and the handling is predictable once you understand the physics. Look for cars with documented service history, particularly turbo and engine rebuilds. A good 930 is an incredible experience that no modern car can replicate. Rating: 10/10 for excitement, 6/10 for beginners.', 'The Porsche 930 Turbo earned its "widowmaker" nickname but offers one of the most rewarding driving experiences for those who understand its character.', 2, 3, 'published', '2025-02-03 13:00:00', '/uploads/thumbnails/porsche-930-turbo.webp', '/uploads/medium/porsche-930-turbo.webp', '/uploads/full/porsche-930-turbo.webp', 'Porsche 930 Turbo with distinctive whale tail spoiler', 1200, 800),

-- TRENDS CATEGORY (4 articles)
                                                                                                                                                                                                                                          ('Electric Classics: The Future of Vintage Motoring', 'electric-classics-future-vintage', 'The electric conversion of classic cars represents a fascinating intersection of heritage and technology. Companies like Lunaz Design, Electric GT, and Moment Motor Company are creating zero-emission versions of iconic vehicles while preserving their essential character. A converted E-Type retains its stunning looks and precise handling while adding instant torque and silent operation. The technology allows for features impossible with original drivetrains - traction control, regenerative braking, and smartphone connectivity. Critics argue that removing the original engine destroys a car''s soul, while proponents see it as evolution that ensures these cars remain relevant. The market is split, with some collectors embracing the technology while others prefer originality. As emissions regulations tighten globally, electric conversions may become the only way to drive classics in urban areas.', 'Electric conversions of classic cars preserve essential character while adding modern features, though the market remains split on their acceptance.', 1, 4, 'published', '2025-02-04 10:30:00', '/uploads/thumbnails/electric-classics.webp', '/uploads/medium/electric-classics.webp', '/uploads/full/electric-classics.webp', 'Classic car with modern electric drivetrain', 1200, 800),

                                                                                                                                                                                                                                          ('Sustainable Restoration: Eco-Friendly Classic Car Revival', 'sustainable-restoration-eco-friendly', 'The classic car restoration industry is embracing sustainable practices without compromising quality or authenticity. Water-based paints now match the durability and finish quality of traditional solvent-based systems while reducing environmental impact by 80%. Recycled and reclaimed materials are being used for interior restoration, with companies specializing in period-correct sustainable alternatives. Solar-powered restoration shops are becoming more common, with some facilities achieving carbon-neutral operations. The trend extends to parts sourcing, with 3D printing allowing reproduction of rare components without the environmental cost of traditional manufacturing. Younger collectors particularly value sustainable restoration practices, viewing them as essential for the hobby''s future. This approach proves that environmental responsibility and automotive passion can coexist successfully.', 'The restoration industry embraces sustainable practices with water-based paints and recycled materials, proving environmental responsibility and automotive passion can coexist.', 2, 4, 'published', '2025-02-05 14:15:00', '/uploads/thumbnails/sustainable-restoration.webp', '/uploads/medium/sustainable-restoration.webp', '/uploads/full/sustainable-restoration.webp', 'Eco-friendly classic car restoration workshop', 1200, 800),

                                                                                                                                                                                                                                          ('Ford Mustang Boss 429: The Ultimate Muscle Car Investment', 'ford-mustang-boss-429-investment', 'The Ford Mustang Boss 429 represents the pinnacle of American muscle car engineering and investment potential. Created to homologate Ford''s semi-hemispherical 429 V8 for NASCAR competition, only 1,359 Boss 429s were built across 1969 and 1970. The massive 429 engine required extensive modifications to fit in the Mustang, including relocating the battery to the trunk and using a unique shock tower design. While rated at a conservative 375 horsepower, actual output was closer to 500 horsepower. Today, Boss 429s are among the most valuable Mustangs ever made, with pristine examples selling for over $200,000. The combination of extreme rarity, racing pedigree, and brutal performance makes the Boss 429 a blue-chip muscle car investment that continues to appreciate steadily.', 'The Ford Mustang Boss 429 combines extreme rarity with racing pedigree, making it a blue-chip muscle car investment worth over $200,000 today.', 1, 4, 'published', '2025-02-06 11:45:00', '/uploads/thumbnails/ford-mustang-boss-429.webp', '/uploads/medium/ford-mustang-boss-429.webp', '/uploads/full/ford-mustang-boss-429.webp', 'Ford Mustang Boss 429 with distinctive hood scoop', 1200, 800),

                                                                                                                                                                                                                                          ('Porsche 911 Turbo: Modern Classic Investment Analysis', 'porsche-911-turbo-investment-analysis', 'The Porsche 911 Turbo has evolved from controversial newcomer to modern classic investment darling. Early 930 Turbos from 1975-1989 have seen remarkable appreciation, with pristine examples now commanding $150,000-$300,000 depending on year and condition. The 964 Turbo (1991-1994) and 993 Turbo (1995-1998) are following similar trajectories as collectors recognize their significance as the last air-cooled turbocharged 911s. What makes Turbo 911s such strong investments is their combination of iconic design, legendary performance, and Porsche''s reputation for engineering excellence. The distinctive "whale tail" spoiler and flared fenders make them instantly recognizable, while their turbocharged engines provide thrilling performance that remains impressive today. As Porsche moves toward electrification, these analog turbocharged classics become increasingly precious to enthusiasts and investors alike.', 'Early Porsche 911 Turbos have seen remarkable appreciation, with pristine examples commanding $150,000-$300,000 as analog classics become increasingly precious.', 2, 4, 'published', '2025-02-07 16:00:00', '/uploads/thumbnails/porsche-911-turbo.webp', '/uploads/medium/porsche-911-turbo.webp', '/uploads/full/porsche-911-turbo.webp', 'Porsche 911 Turbo with iconic whale tail spoiler', 1200, 800);

-- =====================================================
-- VERIFICATION QUERIES
-- =====================================================

-- Verify data insertion
SELECT 'Users' as table_name, COUNT(*) as count FROM users
UNION ALL
SELECT 'Categories' as table_name, COUNT(*) as count FROM categories
UNION ALL
SELECT 'Articles' as table_name, COUNT(*) as count FROM articles;

-- Verify category distribution
SELECT c.name as category, c.slug, COUNT(a.id) as article_count
FROM categories c
         LEFT JOIN articles a ON c.id = a.category_id
GROUP BY c.id, c.name, c.slug
ORDER BY c.id;

-- Verify user roles
SELECT role, COUNT(*) as count FROM users GROUP BY role;

-- Verify articles have images
SELECT
    COUNT(*) as total_articles,
    COUNT(image_thumbnail_path) as articles_with_images,
    ROUND((COUNT(image_thumbnail_path) / COUNT(*)) * 100, 1) as percentage_with_images
FROM articles;
